﻿<?xml version="1.0" encoding="UTF-8" standalone="yes"?>
<addon id="repository.kodi.mirror.nju"
		name="Kodi Add-on Repository Chinese NJU Mirrors"
		version="0.1.2"
		provider-name="Snowdream Tech">
	<extension point="xbmc.addon.repository" name="Kodi Add-on Repository Chinese NJU Mirrors">
		<dir minversion="10.0.0"  maxversion="10.1">
			<info>https://mirrors.nju.edu.cn/kodi/addons/dharma/addons.xml.gz</info>
			<checksum>https://mirrors.nju.edu.cn/kodi/addons/dharma/addons.xml.gz</checksum>
			<datadir>https://mirrors.nju.edu.cn/kodi/addons/dharma</datadir>
			<hashes>false</hashes>
		</dir>
		<dir minversion="11.0.0"  maxversion="11.0.0">
			<info>https://mirrors.nju.edu.cn/kodi/addons/eden/addons.xml.gz</info>
			<checksum>https://mirrors.nju.edu.cn/kodi/addons/eden/addons.xml.gz</checksum>
			<datadir>https://mirrors.nju.edu.cn/kodi/addons/eden</datadir>
			<hashes>false</hashes>
		</dir>
		<dir minversion="12.0.0"  maxversion="12.3.0">
			<info>https://mirrors.nju.edu.cn/kodi/addons/frodo/addons.xml.gz</info>
			<checksum>https://mirrors.nju.edu.cn/kodi/addons/frodo/addons.xml.gz</checksum>
			<datadir>https://mirrors.nju.edu.cn/kodi/addons/frodo</datadir>
			<hashes>false</hashes>
		</dir>
		<dir minversion="13.0.0"  maxversion="13.2.0">
			<info>https://mirrors.nju.edu.cn/kodi/addons/gotham/addons.xml.gz</info>
			<checksum>https://mirrors.nju.edu.cn/kodi/addons/gotham/addons.xml.gz</checksum>
			<datadir>https://mirrors.nju.edu.cn/kodi/addons/gotham</datadir>
			<hashes>false</hashes>
		</dir>
		<dir minversion="14.0.0"  maxversion="14.2.0">
			<info>https://mirrors.nju.edu.cn/kodi/addons/helix/addons.xml.gz</info>
			<checksum>https://mirrors.nju.edu.cn/kodi/addons/helix/addons.xml.gz</checksum>
			<datadir>https://mirrors.nju.edu.cn/kodi/addons/helix</datadir>
			<hashes>false</hashes>
		</dir>
		<dir minversion="15.0.0"  maxversion="15.2.0">
			<info>https://mirrors.nju.edu.cn/kodi/addons/isengard/addons.xml.gz</info>
			<checksum>https://mirrors.nju.edu.cn/kodi/addons/isengard/addons.xml.gz</checksum>
			<datadir>https://mirrors.nju.edu.cn/kodi/addons/isengard</datadir>
			<hashes>false</hashes>
		</dir>
		<dir minversion="16.0.0"  maxversion="16.1.0">
			<info>https://mirrors.nju.edu.cn/kodi/addons/jarvis/addons.xml.gz</info>
			<checksum>https://mirrors.nju.edu.cn/kodi/addons/jarvis/addons.xml.gz</checksum>
			<datadir>https://mirrors.nju.edu.cn/kodi/addons/jarvis</datadir>
			<hashes>false</hashes>
		</dir>
		<dir minversion="17.0.0"  maxversion="17.6.0">
			<info>https://mirrors.nju.edu.cn/kodi/addons/krypton/addons.xml.gz</info>
			<checksum>https://mirrors.nju.edu.cn/kodi/addons/krypton/addons.xml.gz</checksum>
			<datadir>https://mirrors.nju.edu.cn/kodi/addons/krypton</datadir>
			<hashes>false</hashes>
		</dir>
		<dir minversion="18.0.0"  maxversion="18.9.0">
			<info>https://mirrors.nju.edu.cn/kodi/addons/leia/addons.xml.gz</info>
			<checksum>https://mirrors.nju.edu.cn/kodi/addons/leia/addons.xml.gz</checksum>
			<datadir>https://mirrors.nju.edu.cn/kodi/addons/leia</datadir>
			<hashes>false</hashes>
		</dir>
		<dir minversion="19.0.0"  maxversion="19.5.0">
			<info>https://mirrors.nju.edu.cn/kodi/addons/matrix/addons.xml.gz</info>
			<checksum>https://mirrors.nju.edu.cn/kodi/addons/matrix/addons.xml.gz</checksum>
			<datadir>https://mirrors.nju.edu.cn/kodi/addons/matrix</datadir>
			<hashes>false</hashes>
		</dir>
		<dir minversion="20.0.0"  maxversion="20.5.0">
			<info>https://mirrors.nju.edu.cn/kodi/addons/nexus/addons.xml.gz</info>
			<checksum>https://mirrors.nju.edu.cn/kodi/addons/nexus/addons.xml.gz</checksum>
			<datadir>https://mirrors.nju.edu.cn/kodi/addons/nexus</datadir>
			<hashes>false</hashes>
		</dir>
		<dir minversion="21.0.0"  maxversion="21.0.0">
			<info>https://mirrors.nju.edu.cn/kodi/addons/omega/addons.xml.gz</info>
			<checksum>https://mirrors.nju.edu.cn/kodi/addons/omega/addons.xml.gz</checksum>
			<datadir>https://mirrors.nju.edu.cn/kodi/addons/omega</datadir>
			<hashes>false</hashes>
		</dir>
	</extension>
	<extension point="xbmc.addon.metadata">
        <summary>Kodi Add-on Repository Chinese NJU Mirrors</summary>
        <summary lang="zh">官方插件库在南京大学开源站的镜像库</summary>
        <description>Kodi Add-on Repository Chinese NJU Mirrors</description>
        <description lang="zh">本插件是一个库，提供官方插件库在南京大学开源站的镜像下载，该镜像站点每日同步官方库中全部插件内容。[CR][CR]通过本插件库，在中国无法连接官方插件库时，可以实现官方库中所有插件的安装及更新，可以完整取代官方插件库（即Kodi Add-on Repository）。</description>
        <disclaimer>Snowdream Tech is not responsible for any content in this library, which comes from NJU Synchronized Official Plug-in Library.</disclaimer>
        <disclaimer lang="zh">本库中由南京大学镜像站同步官方插件库而来，Snowdream Tech对任何内容不承担责任。</disclaimer>
		<platform>all</platform>
	</extension>
</addon>
