﻿<?xml version="1.0" encoding="UTF-8" standalone="yes"?>
<addon id="repository.kodi.Snowdream Tech"
		name="Kodi Add-on Repository Snowdream Tech"
		version="0.0.2"
		provider-name="Snowdream Tech">
	<extension point="xbmc.addon.repository" name="Snowdream Tech Add-ons">
        <info compressed="false">https://github.com/snowdreamtech/kodi-repo/raw/eden/addons.xml</info>
        <checksum>https://github.com/snowdreamtech/kodi-repo/raw/eden/addons.xml.md5</checksum>
        <datadir zip="true">https://github.com/snowdreamtech/kodi-repo/raw/eden/</datadir>
        <hashes>false</hashes>
    </extension>
	<extension point="xbmc.addon.metadata">
        <summary>Kodi Add-on Repository Snowdream Tech</summary>
        <summary lang="zh">雪梦科技 Kodi 插件库</summary>
        <description>Kodi Add-on Repository Snowdream Tech</description>
        <description lang="zh">本插件是一个库，提供一些 Kodi 中国镜像库等插件下载。</description>
        <disclaimer>Snowdream Tech is not responsible for any content in this library.</disclaimer>
        <disclaimer lang="zh">Snowdream Tech对任何内容不承担责任。</disclaimer>
		<platform>all</platform>
	</extension>
</addon>
